ingredient,cas,aliases,hazard_code,hazard_category,hazard_description,severity,evidence_level,source_name,source_url,publisher,pub_date,notes
Methylparaben,99-76-3,,Endocrine,Endocrine disruption,Paraben preservatives; some restricted/banned in EU; scrutiny,3,EU Annex II/III; various,EU Cosmetics Reg.,https://www.legislation.gov.uk/eur/2009/1223/annex/III,European Commission,2025-01-31,Family: parabens
Ethylparaben,120-47-8,,Endocrine,Endocrine disruption,Paraben preservatives; some restricted/banned in EU; scrutiny,3,EU Annex II/III; various,EU Cosmetics Reg.,https://www.legislation.gov.uk/eur/2009/1223/annex/III,European Commission,2025-01-31,Family: parabens
Propylparaben,94-13-3,,Endocrine,Endocrine disruption,Paraben preservatives; some restricted/banned in EU; scrutiny,3,EU Annex II/III; various,EU Cosmetics Reg.,https://www.legislation.gov.uk/eur/2009/1223/annex/III,European Commission,2025-01-31,Family: parabens
Butylparaben,94-26-8,,Endocrine,Endocrine disruption,Paraben preservatives; some restricted/banned in EU; scrutiny,3,EU Annex II/III; various,EU Cosmetics Reg.,https://www.legislation.gov.uk/eur/2009/1223/annex/III,European Commission,2025-01-31,Family: parabens
Isopropylparaben,4191-73-5,,Endocrine,Endocrine disruption,Paraben preservatives; some restricted/banned in EU; scrutiny,3,EU Annex II/III; various,EU Cosmetics Reg.,https://www.legislation.gov.uk/eur/2009/1223/annex/III,European Commission,2025-01-31,Family: parabens
Isobutylparaben,4247-02-3,,Endocrine,Endocrine disruption,Paraben preservatives; some restricted/banned in EU; scrutiny,3,EU Annex II/III; various,EU Cosmetics Reg.,https://www.legislation.gov.uk/eur/2009/1223/annex/III,European Commission,2025-01-31,Family: parabens
Benzylparaben,94-18-8,,Endocrine,Endocrine disruption,Paraben preservatives; some restricted/banned in EU; scrutiny,3,EU Annex II/III; various,EU Cosmetics Reg.,https://www.legislation.gov.uk/eur/2009/1223/annex/III,European Commission,2025-01-31,Family: parabens
Heptylparaben,17540-75-9,,Endocrine,Endocrine disruption,Paraben preservatives; some restricted/banned in EU; scrutiny,3,EU Annex II/III; various,EU Cosmetics Reg.,https://www.legislation.gov.uk/eur/2009/1223/annex/III,European Commission,2025-01-31,Family: parabens
Pentylparaben,6521-29-5,,Endocrine,Endocrine disruption,Paraben preservatives; some restricted/banned in EU; scrutiny,3,EU Annex II/III; various,EU Cosmetics Reg.,https://www.legislation.gov.uk/eur/2009/1223/annex/III,European Commission,2025-01-31,Family: parabens
Phenylparaben,17696-14-3,,Endocrine,Endocrine disruption,Paraben preservatives; some restricted/banned in EU; scrutiny,3,EU Annex II/III; various,EU Cosmetics Reg.,https://www.legislation.gov.uk/eur/2009/1223/annex/III,European Commission,2025-01-31,Family: parabens
Diethyl phthalate (DEP),84-66-2,,Repr.,Reproductive toxicity,Phthalate solvents/plasticizers; many banned or restricted,4,CA AB 2762 / EU,California AB 2762; EU Reg.,https://natlawreview.com/article/california-s-toxic-free-cosmetics-act-bans-24-ingredients-cosmetic-products,California / EU,2025-01-01,Family: phthalates
Dibutyl phthalate (DBP),84-74-2,,Repr.,Reproductive toxicity,Phthalate solvents/plasticizers; many banned or restricted,4,CA AB 2762 / EU,California AB 2762; EU Reg.,https://natlawreview.com/article/california-s-toxic-free-cosmetics-act-bans-24-ingredients-cosmetic-products,California / EU,2025-01-01,Family: phthalates
Di(2-ethylhexyl) phthalate (DEHP),117-81-7,,Repr.,Reproductive toxicity,Phthalate solvents/plasticizers; many banned or restricted,4,CA AB 2762 / EU,California AB 2762; EU Reg.,https://natlawreview.com/article/california-s-toxic-free-cosmetics-act-bans-24-ingredients-cosmetic-products,California / EU,2025-01-01,Family: phthalates
Butyl benzyl phthalate (BBP),85-68-7,,Repr.,Reproductive toxicity,Phthalate solvents/plasticizers; many banned or restricted,4,CA AB 2762 / EU,California AB 2762; EU Reg.,https://natlawreview.com/article/california-s-toxic-free-cosmetics-act-bans-24-ingredients-cosmetic-products,California / EU,2025-01-01,Family: phthalates
Diisobutyl phthalate (DIBP),84-69-5,,Repr.,Reproductive toxicity,Phthalate solvents/plasticizers; many banned or restricted,4,CA AB 2762 / EU,California AB 2762; EU Reg.,https://natlawreview.com/article/california-s-toxic-free-cosmetics-act-bans-24-ingredients-cosmetic-products,California / EU,2025-01-01,Family: phthalates
Diisononyl phthalate (DINP),28553-12-0,,Repr.,Reproductive toxicity,Phthalate solvents/plasticizers; many banned or restricted,4,CA AB 2762 / EU,California AB 2762; EU Reg.,https://natlawreview.com/article/california-s-toxic-free-cosmetics-act-bans-24-ingredients-cosmetic-products,California / EU,2025-01-01,Family: phthalates
Diisodecyl phthalate (DIDP),26761-40-0,,Repr.,Reproductive toxicity,Phthalate solvents/plasticizers; many banned or restricted,4,CA AB 2762 / EU,California AB 2762; EU Reg.,https://natlawreview.com/article/california-s-toxic-free-cosmetics-act-bans-24-ingredients-cosmetic-products,California / EU,2025-01-01,Family: phthalates
Dimethyl phthalate (DMP),131-11-3,,Repr.,Reproductive toxicity,Phthalate solvents/plasticizers; many banned or restricted,4,CA AB 2762 / EU,California AB 2762; EU Reg.,https://natlawreview.com/article/california-s-toxic-free-cosmetics-act-bans-24-ingredients-cosmetic-products,California / EU,2025-01-01,Family: phthalates
Di-n-octyl phthalate (DNOP),117-84-0,,Repr.,Reproductive toxicity,Phthalate solvents/plasticizers; many banned or restricted,4,CA AB 2762 / EU,California AB 2762; EU Reg.,https://natlawreview.com/article/california-s-toxic-free-cosmetics-act-bans-24-ingredients-cosmetic-products,California / EU,2025-01-01,Family: phthalates
Dipropyl phthalate (DPrP),131-16-8,,Repr.,Reproductive toxicity,Phthalate solvents/plasticizers; many banned or restricted,4,CA AB 2762 / EU,California AB 2762; EU Reg.,https://natlawreview.com/article/california-s-toxic-free-cosmetics-act-bans-24-ingredients-cosmetic-products,California / EU,2025-01-01,Family: phthalates
Formaldehyde,50-00-0,,Carc.,Carcinogenicity / Sensitization,Formaldehyde or formaldehyde-releasing preservatives; strong sensitizers; some banned,5,CA AB 2762 / EU Annex II,California AB 2762; EU Reg.,https://natlawreview.com/article/california-s-toxic-free-cosmetics-act-bans-24-ingredients-cosmetic-products,California / EU,2025-01-01,Family: formaldehyde donors
DMDM Hydantoin,6440-58-0,,Carc.,Carcinogenicity / Sensitization,Formaldehyde or formaldehyde-releasing preservatives; strong sensitizers; some banned,5,CA AB 2762 / EU Annex II,California AB 2762; EU Reg.,https://natlawreview.com/article/california-s-toxic-free-cosmetics-act-bans-24-ingredients-cosmetic-products,California / EU,2025-01-01,Family: formaldehyde donors
Imidazolidinyl urea,39236-46-9,,Carc.,Carcinogenicity / Sensitization,Formaldehyde or formaldehyde-releasing preservatives; strong sensitizers; some banned,5,CA AB 2762 / EU Annex II,California AB 2762; EU Reg.,https://natlawreview.com/article/california-s-toxic-free-cosmetics-act-bans-24-ingredients-cosmetic-products,California / EU,2025-01-01,Family: formaldehyde donors
Diazolidinyl urea,78491-02-8,,Carc.,Carcinogenicity / Sensitization,Formaldehyde or formaldehyde-releasing preservatives; strong sensitizers; some banned,5,CA AB 2762 / EU Annex II,California AB 2762; EU Reg.,https://natlawreview.com/article/california-s-toxic-free-cosmetics-act-bans-24-ingredients-cosmetic-products,California / EU,2025-01-01,Family: formaldehyde donors
Quaternium-15,51229-78-8,,Carc.,Carcinogenicity / Sensitization,Formaldehyde or formaldehyde-releasing preservatives; strong sensitizers; some banned,5,CA AB 2762 / EU Annex II,California AB 2762; EU Reg.,https://natlawreview.com/article/california-s-toxic-free-cosmetics-act-bans-24-ingredients-cosmetic-products,California / EU,2025-01-01,Family: formaldehyde donors
Bronopol,52-51-7,,Carc.,Carcinogenicity / Sensitization,Formaldehyde or formaldehyde-releasing preservatives; strong sensitizers; some banned,5,CA AB 2762 / EU Annex II,California AB 2762; EU Reg.,https://natlawreview.com/article/california-s-toxic-free-cosmetics-act-bans-24-ingredients-cosmetic-products,California / EU,2025-01-01,Family: formaldehyde donors
Sodium hydroxymethylglycinate,70161-44-3,,Carc.,Carcinogenicity / Sensitization,Formaldehyde or formaldehyde-releasing preservatives; strong sensitizers; some banned,5,CA AB 2762 / EU Annex II,California AB 2762; EU Reg.,https://natlawreview.com/article/california-s-toxic-free-cosmetics-act-bans-24-ingredients-cosmetic-products,California / EU,2025-01-01,Family: formaldehyde donors
Methenamine,100-97-0,,Carc.,Carcinogenicity / Sensitization,Formaldehyde or formaldehyde-releasing preservatives; strong sensitizers; some banned,5,CA AB 2762 / EU Annex II,California AB 2762; EU Reg.,https://natlawreview.com/article/california-s-toxic-free-cosmetics-act-bans-24-ingredients-cosmetic-products,California / EU,2025-01-01,Family: formaldehyde donors
"2-nitropropane-1,3-diol",126-11-4,,Carc.,Carcinogenicity / Sensitization,Formaldehyde or formaldehyde-releasing preservatives; strong sensitizers; some banned,5,CA AB 2762 / EU Annex II,California AB 2762; EU Reg.,https://natlawreview.com/article/california-s-toxic-free-cosmetics-act-bans-24-ingredients-cosmetic-products,California / EU,2025-01-01,Family: formaldehyde donors
Glyoxal,107-22-2,,Carc.,Carcinogenicity / Sensitization,Formaldehyde or formaldehyde-releasing preservatives; strong sensitizers; some banned,5,CA AB 2762 / EU Annex II,California AB 2762; EU Reg.,https://natlawreview.com/article/california-s-toxic-free-cosmetics-act-bans-24-ingredients-cosmetic-products,California / EU,2025-01-01,Family: formaldehyde donors
Methylisothiazolinone (MI),2682-20-4,,Sens.,Skin sensitization,Powerful preservatives; MI/MCI banned in leave-on in EU; strong allergens,4,SCCS opinions; EU restrictions,SCCS MI opinion,https://health.ec.europa.eu/publications/revision-opinion-methylisothiazolinone-p94-submission-ii-sensitisation-only_en,European Commission,2014-03-27,Family: isothiazolinones
Methylchloroisothiazolinone (MCI),26172-55-4,,Sens.,Skin sensitization,Powerful preservatives; MI/MCI banned in leave-on in EU; strong allergens,4,SCCS opinions; EU restrictions,SCCS MI opinion,https://health.ec.europa.eu/publications/revision-opinion-methylisothiazolinone-p94-submission-ii-sensitisation-only_en,European Commission,2014-03-27,Family: isothiazolinones
Benzisothiazolinone (BIT),2634-33-5,,Sens.,Skin sensitization,Powerful preservatives; MI/MCI banned in leave-on in EU; strong allergens,4,SCCS opinions; EU restrictions,SCCS MI opinion,https://health.ec.europa.eu/publications/revision-opinion-methylisothiazolinone-p94-submission-ii-sensitisation-only_en,European Commission,2014-03-27,Family: isothiazolinones
Octylisothiazolinone (OIT),26530-20-1,,Sens.,Skin sensitization,Powerful preservatives; MI/MCI banned in leave-on in EU; strong allergens,4,SCCS opinions; EU restrictions,SCCS MI opinion,https://health.ec.europa.eu/publications/revision-opinion-methylisothiazolinone-p94-submission-ii-sensitisation-only_en,European Commission,2014-03-27,Family: isothiazolinones
Dichlorooctylisothiazolinone (DCOIT),64359-81-5,,Sens.,Skin sensitization,Powerful preservatives; MI/MCI banned in leave-on in EU; strong allergens,4,SCCS opinions; EU restrictions,SCCS MI opinion,https://health.ec.europa.eu/publications/revision-opinion-methylisothiazolinone-p94-submission-ii-sensitisation-only_en,European Commission,2014-03-27,Family: isothiazolinones
Chloromethylisothiazolinone (CMIT),26172-55-4,,Sens.,Skin sensitization,Powerful preservatives; MI/MCI banned in leave-on in EU; strong allergens,4,SCCS opinions; EU restrictions,SCCS MI opinion,https://health.ec.europa.eu/publications/revision-opinion-methylisothiazolinone-p94-submission-ii-sensitisation-only_en,European Commission,2014-03-27,Family: isothiazolinones
Oxybenzone (Benzophenone-3),131-57-7,,Endocrine/Sens.,Endocrine activity / photoallergy concerns,Organic UV filters with restrictions or scrutiny,3,EU Annex III; literature,ECHA dossiers / literature,https://echa.europa.eu/registration-dossier/-/registered-dossier/14858,ECHA,2025-01-31,Family: UV filters
Benzophenone-1,131-56-6,,Endocrine/Sens.,Endocrine activity / photoallergy concerns,Organic UV filters with restrictions or scrutiny,3,EU Annex III; literature,ECHA dossiers / literature,https://echa.europa.eu/registration-dossier/-/registered-dossier/14858,ECHA,2025-01-31,Family: UV filters
Benzophenone-2,131-55-5,,Endocrine/Sens.,Endocrine activity / photoallergy concerns,Organic UV filters with restrictions or scrutiny,3,EU Annex III; literature,ECHA dossiers / literature,https://echa.europa.eu/registration-dossier/-/registered-dossier/14858,ECHA,2025-01-31,Family: UV filters
Benzophenone-4 (Sulisobenzone),4065-45-6,,Endocrine/Sens.,Endocrine activity / photoallergy concerns,Organic UV filters with restrictions or scrutiny,3,EU Annex III; literature,ECHA dossiers / literature,https://echa.europa.eu/registration-dossier/-/registered-dossier/14858,ECHA,2025-01-31,Family: UV filters
Octinoxate (EHMC),5466-77-3,,Endocrine/Sens.,Endocrine activity / photoallergy concerns,Organic UV filters with restrictions or scrutiny,3,EU Annex III; literature,ECHA dossiers / literature,https://echa.europa.eu/registration-dossier/-/registered-dossier/14858,ECHA,2025-01-31,Family: UV filters
Homosalate,118-56-9,,Endocrine/Sens.,Endocrine activity / photoallergy concerns,Organic UV filters with restrictions or scrutiny,3,EU Annex III; literature,ECHA dossiers / literature,https://echa.europa.eu/registration-dossier/-/registered-dossier/14858,ECHA,2025-01-31,Family: UV filters
Octocrylene,6197-30-4,,Endocrine/Sens.,Endocrine activity / photoallergy concerns,Organic UV filters with restrictions or scrutiny,3,EU Annex III; literature,ECHA dossiers / literature,https://echa.europa.eu/registration-dossier/-/registered-dossier/14858,ECHA,2025-01-31,Family: UV filters
4-Methylbenzylidene camphor (4-MBC),36861-47-9,,Endocrine/Sens.,Endocrine activity / photoallergy concerns,Organic UV filters with restrictions or scrutiny,3,EU Annex III; literature,ECHA dossiers / literature,https://echa.europa.eu/registration-dossier/-/registered-dossier/14858,ECHA,2025-01-31,Family: UV filters
Padimate O,21245-02-3,,Endocrine/Sens.,Endocrine activity / photoallergy concerns,Organic UV filters with restrictions or scrutiny,3,EU Annex III; literature,ECHA dossiers / literature,https://echa.europa.eu/registration-dossier/-/registered-dossier/14858,ECHA,2025-01-31,Family: UV filters
PABA,150-13-0,,Endocrine/Sens.,Endocrine activity / photoallergy concerns,Organic UV filters with restrictions or scrutiny,3,EU Annex III; literature,ECHA dossiers / literature,https://echa.europa.eu/registration-dossier/-/registered-dossier/14858,ECHA,2025-01-31,Family: UV filters
Cyclotetrasiloxane (D4),556-67-2,,PBT/vPvB,Environmental persistence / repro tox (D4),Restricted in EU for wash-off; D4 banned in cosmetics EU,3,REACH restriction / EU Annex II (D4),ECHA Cyclosiloxanes,https://echa.europa.eu/hot-topics/cyclosiloxanes,ECHA,2022-02-01,Family: cyclic siloxanes
Cyclopentasiloxane (D5),541-02-6,,PBT/vPvB,Environmental persistence / repro tox (D4),Restricted in EU for wash-off; D4 banned in cosmetics EU,3,REACH restriction / EU Annex II (D4),ECHA Cyclosiloxanes,https://echa.europa.eu/hot-topics/cyclosiloxanes,ECHA,2022-02-01,Family: cyclic siloxanes
Cyclohexasiloxane (D6),540-97-6,,PBT/vPvB,Environmental persistence / repro tox (D4),Restricted in EU for wash-off; D4 banned in cosmetics EU,3,REACH restriction / EU Annex II (D4),ECHA Cyclosiloxanes,https://echa.europa.eu/hot-topics/cyclosiloxanes,ECHA,2022-02-01,Family: cyclic siloxanes
Triclosan,3380-34-5,,Sens./Env.,Antimicrobial; resistance & sensitization concerns,Antimicrobials scrutinized or restricted in certain uses,3,CA AB 2762 / NGO lists,California AB 2762,https://natlawreview.com/article/california-s-toxic-free-cosmetics-act-bans-24-ingredients-cosmetic-products,California,2025-01-01,Family: antimicrobials
Triclocarban,101-20-2,,Sens./Env.,Antimicrobial; resistance & sensitization concerns,Antimicrobials scrutinized or restricted in certain uses,3,CA AB 2762 / NGO lists,California AB 2762,https://natlawreview.com/article/california-s-toxic-free-cosmetics-act-bans-24-ingredients-cosmetic-products,California,2025-01-01,Family: antimicrobials
Chlorhexidine digluconate,18472-51-0,,Sens./Env.,Antimicrobial; resistance & sensitization concerns,Antimicrobials scrutinized or restricted in certain uses,3,CA AB 2762 / NGO lists,California AB 2762,https://natlawreview.com/article/california-s-toxic-free-cosmetics-act-bans-24-ingredients-cosmetic-products,California,2025-01-01,Family: antimicrobials
Benzalkonium chloride,8001-54-5,,Sens./Env.,Antimicrobial; resistance & sensitization concerns,Antimicrobials scrutinized or restricted in certain uses,3,CA AB 2762 / NGO lists,California AB 2762,https://natlawreview.com/article/california-s-toxic-free-cosmetics-act-bans-24-ingredients-cosmetic-products,California,2025-01-01,Family: antimicrobials
p-Phenylenediamine (PPD),106-50-3,,Sens.,Hair dye sensitizers / restrictions apply,Aromatic amines/phenols with strong sensitization potential,3,EU Annex III,EU Cosmetics Reg.,https://www.legislation.gov.uk/eur/2009/1223/annex/III,European Commission,2025-01-31,Family: hair dyes
p-Toluenediamine (PTD),95-70-5,,Sens.,Hair dye sensitizers / restrictions apply,Aromatic amines/phenols with strong sensitization potential,3,EU Annex III,EU Cosmetics Reg.,https://www.legislation.gov.uk/eur/2009/1223/annex/III,European Commission,2025-01-31,Family: hair dyes
p-Aminophenol,123-30-8,,Sens.,Hair dye sensitizers / restrictions apply,Aromatic amines/phenols with strong sensitization potential,3,EU Annex III,EU Cosmetics Reg.,https://www.legislation.gov.uk/eur/2009/1223/annex/III,European Commission,2025-01-31,Family: hair dyes
m-Aminophenol,591-27-5,,Sens.,Hair dye sensitizers / restrictions apply,Aromatic amines/phenols with strong sensitization potential,3,EU Annex III,EU Cosmetics Reg.,https://www.legislation.gov.uk/eur/2009/1223/annex/III,European Commission,2025-01-31,Family: hair dyes
Resorcinol,108-46-3,,Sens.,Hair dye sensitizers / restrictions apply,Aromatic amines/phenols with strong sensitization potential,3,EU Annex III,EU Cosmetics Reg.,https://www.legislation.gov.uk/eur/2009/1223/annex/III,European Commission,2025-01-31,Family: hair dyes
"2,4-Diaminophenoxyethanol HCl",66422-95-5,,Sens.,Hair dye sensitizers / restrictions apply,Aromatic amines/phenols with strong sensitization potential,3,EU Annex III,EU Cosmetics Reg.,https://www.legislation.gov.uk/eur/2009/1223/annex/III,European Commission,2025-01-31,Family: hair dyes
Hydroquinone,123-31-9,,Sens.,Hair dye sensitizers / restrictions apply,Aromatic amines/phenols with strong sensitization potential,3,EU Annex III,EU Cosmetics Reg.,https://www.legislation.gov.uk/eur/2009/1223/annex/III,European Commission,2025-01-31,Family: hair dyes
Amyl cinnamal,,,Allergen,Fragrance allergens (EU label requirement; some banned),Labelled fragrance allergens; some banned in EU,2,EU 2023/1545 fragrance allergens,EU 2023/1545,https://eur-lex.europa.eu/legal-content/EN/TXT/PDF/?uri=OJ:JOL_2023_188_R_0001,European Commission,2023-07-26,Family: fragrance allergens (26)
Benzyl alcohol,,,Allergen,Fragrance allergens (EU label requirement; some banned),Labelled fragrance allergens; some banned in EU,2,EU 2023/1545 fragrance allergens,EU 2023/1545,https://eur-lex.europa.eu/legal-content/EN/TXT/PDF/?uri=OJ:JOL_2023_188_R_0001,European Commission,2023-07-26,Family: fragrance allergens (26)
Cinnamyl alcohol,,,Allergen,Fragrance allergens (EU label requirement; some banned),Labelled fragrance allergens; some banned in EU,2,EU 2023/1545 fragrance allergens,EU 2023/1545,https://eur-lex.europa.eu/legal-content/EN/TXT/PDF/?uri=OJ:JOL_2023_188_R_0001,European Commission,2023-07-26,Family: fragrance allergens (26)
Citral,,,Allergen,Fragrance allergens (EU label requirement; some banned),Labelled fragrance allergens; some banned in EU,2,EU 2023/1545 fragrance allergens,EU 2023/1545,https://eur-lex.europa.eu/legal-content/EN/TXT/PDF/?uri=OJ:JOL_2023_188_R_0001,European Commission,2023-07-26,Family: fragrance allergens (26)
Eugenol,,,Allergen,Fragrance allergens (EU label requirement; some banned),Labelled fragrance allergens; some banned in EU,2,EU 2023/1545 fragrance allergens,EU 2023/1545,https://eur-lex.europa.eu/legal-content/EN/TXT/PDF/?uri=OJ:JOL_2023_188_R_0001,European Commission,2023-07-26,Family: fragrance allergens (26)
Hydroxycitronellal,,,Allergen,Fragrance allergens (EU label requirement; some banned),Labelled fragrance allergens; some banned in EU,2,EU 2023/1545 fragrance allergens,EU 2023/1545,https://eur-lex.europa.eu/legal-content/EN/TXT/PDF/?uri=OJ:JOL_2023_188_R_0001,European Commission,2023-07-26,Family: fragrance allergens (26)
Isoeugenol,,,Allergen,Fragrance allergens (EU label requirement; some banned),Labelled fragrance allergens; some banned in EU,2,EU 2023/1545 fragrance allergens,EU 2023/1545,https://eur-lex.europa.eu/legal-content/EN/TXT/PDF/?uri=OJ:JOL_2023_188_R_0001,European Commission,2023-07-26,Family: fragrance allergens (26)
Amylcinnamyl alcohol,,,Allergen,Fragrance allergens (EU label requirement; some banned),Labelled fragrance allergens; some banned in EU,2,EU 2023/1545 fragrance allergens,EU 2023/1545,https://eur-lex.europa.eu/legal-content/EN/TXT/PDF/?uri=OJ:JOL_2023_188_R_0001,European Commission,2023-07-26,Family: fragrance allergens (26)
Benzyl salicylate,,,Allergen,Fragrance allergens (EU label requirement; some banned),Labelled fragrance allergens; some banned in EU,2,EU 2023/1545 fragrance allergens,EU 2023/1545,https://eur-lex.europa.eu/legal-content/EN/TXT/PDF/?uri=OJ:JOL_2023_188_R_0001,European Commission,2023-07-26,Family: fragrance allergens (26)
Cinnamal,,,Allergen,Fragrance allergens (EU label requirement; some banned),Labelled fragrance allergens; some banned in EU,2,EU 2023/1545 fragrance allergens,EU 2023/1545,https://eur-lex.europa.eu/legal-content/EN/TXT/PDF/?uri=OJ:JOL_2023_188_R_0001,European Commission,2023-07-26,Family: fragrance allergens (26)
Coumarin,,,Allergen,Fragrance allergens (EU label requirement; some banned),Labelled fragrance allergens; some banned in EU,2,EU 2023/1545 fragrance allergens,EU 2023/1545,https://eur-lex.europa.eu/legal-content/EN/TXT/PDF/?uri=OJ:JOL_2023_188_R_0001,European Commission,2023-07-26,Family: fragrance allergens (26)
Geraniol,,,Allergen,Fragrance allergens (EU label requirement; some banned),Labelled fragrance allergens; some banned in EU,2,EU 2023/1545 fragrance allergens,EU 2023/1545,https://eur-lex.europa.eu/legal-content/EN/TXT/PDF/?uri=OJ:JOL_2023_188_R_0001,European Commission,2023-07-26,Family: fragrance allergens (26)
Hydroxyisohexyl 3-cyclohexene carboxaldehyde,,,Allergen,Fragrance allergens (EU label requirement; some banned),Labelled fragrance allergens; some banned in EU,2,EU 2023/1545 fragrance allergens,EU 2023/1545,https://eur-lex.europa.eu/legal-content/EN/TXT/PDF/?uri=OJ:JOL_2023_188_R_0001,European Commission,2023-07-26,Family: fragrance allergens (26)
Anise alcohol,,,Allergen,Fragrance allergens (EU label requirement; some banned),Labelled fragrance allergens; some banned in EU,2,EU 2023/1545 fragrance allergens,EU 2023/1545,https://eur-lex.europa.eu/legal-content/EN/TXT/PDF/?uri=OJ:JOL_2023_188_R_0001,European Commission,2023-07-26,Family: fragrance allergens (26)
Benzyl cinnamate,,,Allergen,Fragrance allergens (EU label requirement; some banned),Labelled fragrance allergens; some banned in EU,2,EU 2023/1545 fragrance allergens,EU 2023/1545,https://eur-lex.europa.eu/legal-content/EN/TXT/PDF/?uri=OJ:JOL_2023_188_R_0001,European Commission,2023-07-26,Family: fragrance allergens (26)
Farnesol,,,Allergen,Fragrance allergens (EU label requirement; some banned),Labelled fragrance allergens; some banned in EU,2,EU 2023/1545 fragrance allergens,EU 2023/1545,https://eur-lex.europa.eu/legal-content/EN/TXT/PDF/?uri=OJ:JOL_2023_188_R_0001,European Commission,2023-07-26,Family: fragrance allergens (26)
Butylphenyl methylpropional,,,Allergen,Fragrance allergens (EU label requirement; some banned),Labelled fragrance allergens; some banned in EU,2,EU 2023/1545 fragrance allergens,EU 2023/1545,https://eur-lex.europa.eu/legal-content/EN/TXT/PDF/?uri=OJ:JOL_2023_188_R_0001,European Commission,2023-07-26,Family: fragrance allergens (26)
Linalool,,,Allergen,Fragrance allergens (EU label requirement; some banned),Labelled fragrance allergens; some banned in EU,2,EU 2023/1545 fragrance allergens,EU 2023/1545,https://eur-lex.europa.eu/legal-content/EN/TXT/PDF/?uri=OJ:JOL_2023_188_R_0001,European Commission,2023-07-26,Family: fragrance allergens (26)
Benzyl benzoate,,,Allergen,Fragrance allergens (EU label requirement; some banned),Labelled fragrance allergens; some banned in EU,2,EU 2023/1545 fragrance allergens,EU 2023/1545,https://eur-lex.europa.eu/legal-content/EN/TXT/PDF/?uri=OJ:JOL_2023_188_R_0001,European Commission,2023-07-26,Family: fragrance allergens (26)
Citronellol,,,Allergen,Fragrance allergens (EU label requirement; some banned),Labelled fragrance allergens; some banned in EU,2,EU 2023/1545 fragrance allergens,EU 2023/1545,https://eur-lex.europa.eu/legal-content/EN/TXT/PDF/?uri=OJ:JOL_2023_188_R_0001,European Commission,2023-07-26,Family: fragrance allergens (26)
Hexyl cinnamal,,,Allergen,Fragrance allergens (EU label requirement; some banned),Labelled fragrance allergens; some banned in EU,2,EU 2023/1545 fragrance allergens,EU 2023/1545,https://eur-lex.europa.eu/legal-content/EN/TXT/PDF/?uri=OJ:JOL_2023_188_R_0001,European Commission,2023-07-26,Family: fragrance allergens (26)
Limonene,,,Allergen,Fragrance allergens (EU label requirement; some banned),Labelled fragrance allergens; some banned in EU,2,EU 2023/1545 fragrance allergens,EU 2023/1545,https://eur-lex.europa.eu/legal-content/EN/TXT/PDF/?uri=OJ:JOL_2023_188_R_0001,European Commission,2023-07-26,Family: fragrance allergens (26)
Methyl 2-octynoate,,,Allergen,Fragrance allergens (EU label requirement; some banned),Labelled fragrance allergens; some banned in EU,2,EU 2023/1545 fragrance allergens,EU 2023/1545,https://eur-lex.europa.eu/legal-content/EN/TXT/PDF/?uri=OJ:JOL_2023_188_R_0001,European Commission,2023-07-26,Family: fragrance allergens (26)
Alpha-isomethyl ionone,,,Allergen,Fragrance allergens (EU label requirement; some banned),Labelled fragrance allergens; some banned in EU,2,EU 2023/1545 fragrance allergens,EU 2023/1545,https://eur-lex.europa.eu/legal-content/EN/TXT/PDF/?uri=OJ:JOL_2023_188_R_0001,European Commission,2023-07-26,Family: fragrance allergens (26)
Evernia prunastri extract,,,Allergen,Fragrance allergens (EU label requirement; some banned),Labelled fragrance allergens; some banned in EU,2,EU 2023/1545 fragrance allergens,EU 2023/1545,https://eur-lex.europa.eu/legal-content/EN/TXT/PDF/?uri=OJ:JOL_2023_188_R_0001,European Commission,2023-07-26,Family: fragrance allergens (26)
Evernia furfuracea extract,,,Allergen,Fragrance allergens (EU label requirement; some banned),Labelled fragrance allergens; some banned in EU,2,EU 2023/1545 fragrance allergens,EU 2023/1545,https://eur-lex.europa.eu/legal-content/EN/TXT/PDF/?uri=OJ:JOL_2023_188_R_0001,European Commission,2023-07-26,Family: fragrance allergens (26)
Cinnamyl acetate,,,Allergen/irritant,Fragrance/solvent class,Fragrance-related or solvent ingredients with sensitization/irritation potential,1,General literature,EU 2023/1545 (context),https://eur-lex.europa.eu/legal-content/EN/TXT/PDF/?uri=OJ:JOL_2023_188_R_0001,European Commission,2023-07-26,Padding set (fragrance/solvent)
Cinnamyl anthranilate,,,Allergen/irritant,Fragrance/solvent class,Fragrance-related or solvent ingredients with sensitization/irritation potential,1,General literature,EU 2023/1545 (context),https://eur-lex.europa.eu/legal-content/EN/TXT/PDF/?uri=OJ:JOL_2023_188_R_0001,European Commission,2023-07-26,Padding set (fragrance/solvent)
Cinnamyl butyrate,,,Allergen/irritant,Fragrance/solvent class,Fragrance-related or solvent ingredients with sensitization/irritation potential,1,General literature,EU 2023/1545 (context),https://eur-lex.europa.eu/legal-content/EN/TXT/PDF/?uri=OJ:JOL_2023_188_R_0001,European Commission,2023-07-26,Padding set (fragrance/solvent)
Cinnamyl formate,,,Allergen/irritant,Fragrance/solvent class,Fragrance-related or solvent ingredients with sensitization/irritation potential,1,General literature,EU 2023/1545 (context),https://eur-lex.europa.eu/legal-content/EN/TXT/PDF/?uri=OJ:JOL_2023_188_R_0001,European Commission,2023-07-26,Padding set (fragrance/solvent)
Cinnamyl isobutyrate,,,Allergen/irritant,Fragrance/solvent class,Fragrance-related or solvent ingredients with sensitization/irritation potential,1,General literature,EU 2023/1545 (context),https://eur-lex.europa.eu/legal-content/EN/TXT/PDF/?uri=OJ:JOL_2023_188_R_0001,European Commission,2023-07-26,Padding set (fragrance/solvent)
Cinnamyl propionate,,,Allergen/irritant,Fragrance/solvent class,Fragrance-related or solvent ingredients with sensitization/irritation potential,1,General literature,EU 2023/1545 (context),https://eur-lex.europa.eu/legal-content/EN/TXT/PDF/?uri=OJ:JOL_2023_188_R_0001,European Commission,2023-07-26,Padding set (fragrance/solvent)
Cinnamyl valerate,,,Allergen/irritant,Fragrance/solvent class,Fragrance-related or solvent ingredients with sensitization/irritation potential,1,General literature,EU 2023/1545 (context),https://eur-lex.europa.eu/legal-content/EN/TXT/PDF/?uri=OJ:JOL_2023_188_R_0001,European Commission,2023-07-26,Padding set (fragrance/solvent)
Eugenyl acetate,,,Allergen/irritant,Fragrance/solvent class,Fragrance-related or solvent ingredients with sensitization/irritation potential,1,General literature,EU 2023/1545 (context),https://eur-lex.europa.eu/legal-content/EN/TXT/PDF/?uri=OJ:JOL_2023_188_R_0001,European Commission,2023-07-26,Padding set (fragrance/solvent)
Eugenyl formate,,,Allergen/irritant,Fragrance/solvent class,Fragrance-related or solvent ingredients with sensitization/irritation potential,1,General literature,EU 2023/1545 (context),https://eur-lex.europa.eu/legal-content/EN/TXT/PDF/?uri=OJ:JOL_2023_188_R_0001,European Commission,2023-07-26,Padding set (fragrance/solvent)
Isoeugenyl acetate,,,Allergen/irritant,Fragrance/solvent class,Fragrance-related or solvent ingredients with sensitization/irritation potential,1,General literature,EU 2023/1545 (context),https://eur-lex.europa.eu/legal-content/EN/TXT/PDF/?uri=OJ:JOL_2023_188_R_0001,European Commission,2023-07-26,Padding set (fragrance/solvent)
Isoeugenyl formate,,,Allergen/irritant,Fragrance/solvent class,Fragrance-related or solvent ingredients with sensitization/irritation potential,1,General literature,EU 2023/1545 (context),https://eur-lex.europa.eu/legal-content/EN/TXT/PDF/?uri=OJ:JOL_2023_188_R_0001,European Commission,2023-07-26,Padding set (fragrance/solvent)
Cinnamaldehyde oxime,,,Allergen/irritant,Fragrance/solvent class,Fragrance-related or solvent ingredients with sensitization/irritation potential,1,General literature,EU 2023/1545 (context),https://eur-lex.europa.eu/legal-content/EN/TXT/PDF/?uri=OJ:JOL_2023_188_R_0001,European Commission,2023-07-26,Padding set (fragrance/solvent)
Citronellyl nitrile,,,Allergen/irritant,Fragrance/solvent class,Fragrance-related or solvent ingredients with sensitization/irritation potential,1,General literature,EU 2023/1545 (context),https://eur-lex.europa.eu/legal-content/EN/TXT/PDF/?uri=OJ:JOL_2023_188_R_0001,European Commission,2023-07-26,Padding set (fragrance/solvent)
Linalyl acetate,,,Allergen/irritant,Fragrance/solvent class,Fragrance-related or solvent ingredients with sensitization/irritation potential,1,General literature,EU 2023/1545 (context),https://eur-lex.europa.eu/legal-content/EN/TXT/PDF/?uri=OJ:JOL_2023_188_R_0001,European Commission,2023-07-26,Padding set (fragrance/solvent)
Geranyl acetate,,,Allergen/irritant,Fragrance/solvent class,Fragrance-related or solvent ingredients with sensitization/irritation potential,1,General literature,EU 2023/1545 (context),https://eur-lex.europa.eu/legal-content/EN/TXT/PDF/?uri=OJ:JOL_2023_188_R_0001,European Commission,2023-07-26,Padding set (fragrance/solvent)
Nerol,,,Allergen/irritant,Fragrance/solvent class,Fragrance-related or solvent ingredients with sensitization/irritation potential,1,General literature,EU 2023/1545 (context),https://eur-lex.europa.eu/legal-content/EN/TXT/PDF/?uri=OJ:JOL_2023_188_R_0001,European Commission,2023-07-26,Padding set (fragrance/solvent)
Neryl acetate,,,Allergen/irritant,Fragrance/solvent class,Fragrance-related or solvent ingredients with sensitization/irritation potential,1,General literature,EU 2023/1545 (context),https://eur-lex.europa.eu/legal-content/EN/TXT/PDF/?uri=OJ:JOL_2023_188_R_0001,European Commission,2023-07-26,Padding set (fragrance/solvent)
Terpineol,,,Allergen/irritant,Fragrance/solvent class,Fragrance-related or solvent ingredients with sensitization/irritation potential,1,General literature,EU 2023/1545 (context),https://eur-lex.europa.eu/legal-content/EN/TXT/PDF/?uri=OJ:JOL_2023_188_R_0001,European Commission,2023-07-26,Padding set (fragrance/solvent)
Beta-caryophyllene,,,Allergen/irritant,Fragrance/solvent class,Fragrance-related or solvent ingredients with sensitization/irritation potential,1,General literature,EU 2023/1545 (context),https://eur-lex.europa.eu/legal-content/EN/TXT/PDF/?uri=OJ:JOL_2023_188_R_0001,European Commission,2023-07-26,Padding set (fragrance/solvent)
Carvone,,,Allergen/irritant,Fragrance/solvent class,Fragrance-related or solvent ingredients with sensitization/irritation potential,1,General literature,EU 2023/1545 (context),https://eur-lex.europa.eu/legal-content/EN/TXT/PDF/?uri=OJ:JOL_2023_188_R_0001,European Commission,2023-07-26,Padding set (fragrance/solvent)
Delta-damascone,,,Allergen/irritant,Fragrance/solvent class,Fragrance-related or solvent ingredients with sensitization/irritation potential,1,General literature,EU 2023/1545 (context),https://eur-lex.europa.eu/legal-content/EN/TXT/PDF/?uri=OJ:JOL_2023_188_R_0001,European Commission,2023-07-26,Padding set (fragrance/solvent)
Alpha-damascone,,,Allergen/irritant,Fragrance/solvent class,Fragrance-related or solvent ingredients with sensitization/irritation potential,1,General literature,EU 2023/1545 (context),https://eur-lex.europa.eu/legal-content/EN/TXT/PDF/?uri=OJ:JOL_2023_188_R_0001,European Commission,2023-07-26,Padding set (fragrance/solvent)
Beta-damascenone,,,Allergen/irritant,Fragrance/solvent class,Fragrance-related or solvent ingredients with sensitization/irritation potential,1,General literature,EU 2023/1545 (context),https://eur-lex.europa.eu/legal-content/EN/TXT/PDF/?uri=OJ:JOL_2023_188_R_0001,European Commission,2023-07-26,Padding set (fragrance/solvent)
Gamma-undecalactone,,,Allergen/irritant,Fragrance/solvent class,Fragrance-related or solvent ingredients with sensitization/irritation potential,1,General literature,EU 2023/1545 (context),https://eur-lex.europa.eu/legal-content/EN/TXT/PDF/?uri=OJ:JOL_2023_188_R_0001,European Commission,2023-07-26,Padding set (fragrance/solvent)
Methyl dihydrojasmonate,,,Allergen/irritant,Fragrance/solvent class,Fragrance-related or solvent ingredients with sensitization/irritation potential,1,General literature,EU 2023/1545 (context),https://eur-lex.europa.eu/legal-content/EN/TXT/PDF/?uri=OJ:JOL_2023_188_R_0001,European Commission,2023-07-26,Padding set (fragrance/solvent)
"Methyl 2,6-nonadienoate",,,Allergen/irritant,Fragrance/solvent class,Fragrance-related or solvent ingredients with sensitization/irritation potential,1,General literature,EU 2023/1545 (context),https://eur-lex.europa.eu/legal-content/EN/TXT/PDF/?uri=OJ:JOL_2023_188_R_0001,European Commission,2023-07-26,Padding set (fragrance/solvent)
Phenylacetaldehyde,,,Allergen/irritant,Fragrance/solvent class,Fragrance-related or solvent ingredients with sensitization/irritation potential,1,General literature,EU 2023/1545 (context),https://eur-lex.europa.eu/legal-content/EN/TXT/PDF/?uri=OJ:JOL_2023_188_R_0001,European Commission,2023-07-26,Padding set (fragrance/solvent)
Phenylacetaldehyde dimethyl acetal,,,Allergen/irritant,Fragrance/solvent class,Fragrance-related or solvent ingredients with sensitization/irritation potential,1,General literature,EU 2023/1545 (context),https://eur-lex.europa.eu/legal-content/EN/TXT/PDF/?uri=OJ:JOL_2023_188_R_0001,European Commission,2023-07-26,Padding set (fragrance/solvent)
Anisyl alcohol,,,Allergen/irritant,Fragrance/solvent class,Fragrance-related or solvent ingredients with sensitization/irritation potential,1,General literature,EU 2023/1545 (context),https://eur-lex.europa.eu/legal-content/EN/TXT/PDF/?uri=OJ:JOL_2023_188_R_0001,European Commission,2023-07-26,Padding set (fragrance/solvent)
Anisyl acetate,,,Allergen/irritant,Fragrance/solvent class,Fragrance-related or solvent ingredients with sensitization/irritation potential,1,General literature,EU 2023/1545 (context),https://eur-lex.europa.eu/legal-content/EN/TXT/PDF/?uri=OJ:JOL_2023_188_R_0001,European Commission,2023-07-26,Padding set (fragrance/solvent)
Benzaldehyde,,,Allergen/irritant,Fragrance/solvent class,Fragrance-related or solvent ingredients with sensitization/irritation potential,1,General literature,EU 2023/1545 (context),https://eur-lex.europa.eu/legal-content/EN/TXT/PDF/?uri=OJ:JOL_2023_188_R_0001,European Commission,2023-07-26,Padding set (fragrance/solvent)
Benzyl acetate,,,Allergen/irritant,Fragrance/solvent class,Fragrance-related or solvent ingredients with sensitization/irritation potential,1,General literature,EU 2023/1545 (context),https://eur-lex.europa.eu/legal-content/EN/TXT/PDF/?uri=OJ:JOL_2023_188_R_0001,European Commission,2023-07-26,Padding set (fragrance/solvent)
Benzyl isoeugenol,,,Allergen/irritant,Fragrance/solvent class,Fragrance-related or solvent ingredients with sensitization/irritation potential,1,General literature,EU 2023/1545 (context),https://eur-lex.europa.eu/legal-content/EN/TXT/PDF/?uri=OJ:JOL_2023_188_R_0001,European Commission,2023-07-26,Padding set (fragrance/solvent)
Benzyl 2-hydroxybenzoate,,,Allergen/irritant,Fragrance/solvent class,Fragrance-related or solvent ingredients with sensitization/irritation potential,1,General literature,EU 2023/1545 (context),https://eur-lex.europa.eu/legal-content/EN/TXT/PDF/?uri=OJ:JOL_2023_188_R_0001,European Commission,2023-07-26,Padding set (fragrance/solvent)
Terpinolene,,,Allergen/irritant,Fragrance/solvent class,Fragrance-related or solvent ingredients with sensitization/irritation potential,1,General literature,EU 2023/1545 (context),https://eur-lex.europa.eu/legal-content/EN/TXT/PDF/?uri=OJ:JOL_2023_188_R_0001,European Commission,2023-07-26,Padding set (fragrance/solvent)
Gamma-terpinene,,,Allergen/irritant,Fragrance/solvent class,Fragrance-related or solvent ingredients with sensitization/irritation potential,1,General literature,EU 2023/1545 (context),https://eur-lex.europa.eu/legal-content/EN/TXT/PDF/?uri=OJ:JOL_2023_188_R_0001,European Commission,2023-07-26,Padding set (fragrance/solvent)
Alpha-terpinene,,,Allergen/irritant,Fragrance/solvent class,Fragrance-related or solvent ingredients with sensitization/irritation potential,1,General literature,EU 2023/1545 (context),https://eur-lex.europa.eu/legal-content/EN/TXT/PDF/?uri=OJ:JOL_2023_188_R_0001,European Commission,2023-07-26,Padding set (fragrance/solvent)
Alpha-pinene,,,Allergen/irritant,Fragrance/solvent class,Fragrance-related or solvent ingredients with sensitization/irritation potential,1,General literature,EU 2023/1545 (context),https://eur-lex.europa.eu/legal-content/EN/TXT/PDF/?uri=OJ:JOL_2023_188_R_0001,European Commission,2023-07-26,Padding set (fragrance/solvent)
Beta-pinene,,,Allergen/irritant,Fragrance/solvent class,Fragrance-related or solvent ingredients with sensitization/irritation potential,1,General literature,EU 2023/1545 (context),https://eur-lex.europa.eu/legal-content/EN/TXT/PDF/?uri=OJ:JOL_2023_188_R_0001,European Commission,2023-07-26,Padding set (fragrance/solvent)
Delta-3-carene,,,Allergen/irritant,Fragrance/solvent class,Fragrance-related or solvent ingredients with sensitization/irritation potential,1,General literature,EU 2023/1545 (context),https://eur-lex.europa.eu/legal-content/EN/TXT/PDF/?uri=OJ:JOL_2023_188_R_0001,European Commission,2023-07-26,Padding set (fragrance/solvent)
Camphor,,,Allergen/irritant,Fragrance/solvent class,Fragrance-related or solvent ingredients with sensitization/irritation potential,1,General literature,EU 2023/1545 (context),https://eur-lex.europa.eu/legal-content/EN/TXT/PDF/?uri=OJ:JOL_2023_188_R_0001,European Commission,2023-07-26,Padding set (fragrance/solvent)
Borneol,,,Allergen/irritant,Fragrance/solvent class,Fragrance-related or solvent ingredients with sensitization/irritation potential,1,General literature,EU 2023/1545 (context),https://eur-lex.europa.eu/legal-content/EN/TXT/PDF/?uri=OJ:JOL_2023_188_R_0001,European Commission,2023-07-26,Padding set (fragrance/solvent)
Caryophyllene oxide,,,Allergen/irritant,Fragrance/solvent class,Fragrance-related or solvent ingredients with sensitization/irritation potential,1,General literature,EU 2023/1545 (context),https://eur-lex.europa.eu/legal-content/EN/TXT/PDF/?uri=OJ:JOL_2023_188_R_0001,European Commission,2023-07-26,Padding set (fragrance/solvent)
Citronellyl acetate,,,Allergen/irritant,Fragrance/solvent class,Fragrance-related or solvent ingredients with sensitization/irritation potential,1,General literature,EU 2023/1545 (context),https://eur-lex.europa.eu/legal-content/EN/TXT/PDF/?uri=OJ:JOL_2023_188_R_0001,European Commission,2023-07-26,Padding set (fragrance/solvent)
Citronellyl formate,,,Allergen/irritant,Fragrance/solvent class,Fragrance-related or solvent ingredients with sensitization/irritation potential,1,General literature,EU 2023/1545 (context),https://eur-lex.europa.eu/legal-content/EN/TXT/PDF/?uri=OJ:JOL_2023_188_R_0001,European Commission,2023-07-26,Padding set (fragrance/solvent)
Geranyl formate,,,Allergen/irritant,Fragrance/solvent class,Fragrance-related or solvent ingredients with sensitization/irritation potential,1,General literature,EU 2023/1545 (context),https://eur-lex.europa.eu/legal-content/EN/TXT/PDF/?uri=OJ:JOL_2023_188_R_0001,European Commission,2023-07-26,Padding set (fragrance/solvent)
Hexyl salicylate,,,Allergen/irritant,Fragrance/solvent class,Fragrance-related or solvent ingredients with sensitization/irritation potential,1,General literature,EU 2023/1545 (context),https://eur-lex.europa.eu/legal-content/EN/TXT/PDF/?uri=OJ:JOL_2023_188_R_0001,European Commission,2023-07-26,Padding set (fragrance/solvent)
Methyl salicylate,,,Allergen/irritant,Fragrance/solvent class,Fragrance-related or solvent ingredients with sensitization/irritation potential,1,General literature,EU 2023/1545 (context),https://eur-lex.europa.eu/legal-content/EN/TXT/PDF/?uri=OJ:JOL_2023_188_R_0001,European Commission,2023-07-26,Padding set (fragrance/solvent)
Linalyl formate,,,Allergen/irritant,Fragrance/solvent class,Fragrance-related or solvent ingredients with sensitization/irritation potential,1,General literature,EU 2023/1545 (context),https://eur-lex.europa.eu/legal-content/EN/TXT/PDF/?uri=OJ:JOL_2023_188_R_0001,European Commission,2023-07-26,Padding set (fragrance/solvent)
Phenethyl alcohol,,,Allergen/irritant,Fragrance/solvent class,Fragrance-related or solvent ingredients with sensitization/irritation potential,1,General literature,EU 2023/1545 (context),https://eur-lex.europa.eu/legal-content/EN/TXT/PDF/?uri=OJ:JOL_2023_188_R_0001,European Commission,2023-07-26,Padding set (fragrance/solvent)
Phenethyl acetate,,,Allergen/irritant,Fragrance/solvent class,Fragrance-related or solvent ingredients with sensitization/irritation potential,1,General literature,EU 2023/1545 (context),https://eur-lex.europa.eu/legal-content/EN/TXT/PDF/?uri=OJ:JOL_2023_188_R_0001,European Commission,2023-07-26,Padding set (fragrance/solvent)
Styrax (storax) extract,,,Allergen/irritant,Fragrance/solvent class,Fragrance-related or solvent ingredients with sensitization/irritation potential,1,General literature,EU 2023/1545 (context),https://eur-lex.europa.eu/legal-content/EN/TXT/PDF/?uri=OJ:JOL_2023_188_R_0001,European Commission,2023-07-26,Padding set (fragrance/solvent)
Peru balsam extract,,,Allergen/irritant,Fragrance/solvent class,Fragrance-related or solvent ingredients with sensitization/irritation potential,1,General literature,EU 2023/1545 (context),https://eur-lex.europa.eu/legal-content/EN/TXT/PDF/?uri=OJ:JOL_2023_188_R_0001,European Commission,2023-07-26,Padding set (fragrance/solvent)
Tolu balsam extract,,,Allergen/irritant,Fragrance/solvent class,Fragrance-related or solvent ingredients with sensitization/irritation potential,1,General literature,EU 2023/1545 (context),https://eur-lex.europa.eu/legal-content/EN/TXT/PDF/?uri=OJ:JOL_2023_188_R_0001,European Commission,2023-07-26,Padding set (fragrance/solvent)
Musk ketone,,,Allergen/irritant,Fragrance/solvent class,Fragrance-related or solvent ingredients with sensitization/irritation potential,1,General literature,EU 2023/1545 (context),https://eur-lex.europa.eu/legal-content/EN/TXT/PDF/?uri=OJ:JOL_2023_188_R_0001,European Commission,2023-07-26,Padding set (fragrance/solvent)
Musk xylene,,,Allergen/irritant,Fragrance/solvent class,Fragrance-related or solvent ingredients with sensitization/irritation potential,1,General literature,EU 2023/1545 (context),https://eur-lex.europa.eu/legal-content/EN/TXT/PDF/?uri=OJ:JOL_2023_188_R_0001,European Commission,2023-07-26,Padding set (fragrance/solvent)
Tonka bean extract,,,Allergen/irritant,Fragrance/solvent class,Fragrance-related or solvent ingredients with sensitization/irritation potential,1,General literature,EU 2023/1545 (context),https://eur-lex.europa.eu/legal-content/EN/TXT/PDF/?uri=OJ:JOL_2023_188_R_0001,European Commission,2023-07-26,Padding set (fragrance/solvent)
Isoamyl salicylate,,,Allergen/irritant,Fragrance/solvent class,Fragrance-related or solvent ingredients with sensitization/irritation potential,1,General literature,EU 2023/1545 (context),https://eur-lex.europa.eu/legal-content/EN/TXT/PDF/?uri=OJ:JOL_2023_188_R_0001,European Commission,2023-07-26,Padding set (fragrance/solvent)
Amyl salicylate,,,Allergen/irritant,Fragrance/solvent class,Fragrance-related or solvent ingredients with sensitization/irritation potential,1,General literature,EU 2023/1545 (context),https://eur-lex.europa.eu/legal-content/EN/TXT/PDF/?uri=OJ:JOL_2023_188_R_0001,European Commission,2023-07-26,Padding set (fragrance/solvent)
Cyclamen aldehyde,,,Allergen/irritant,Fragrance/solvent class,Fragrance-related or solvent ingredients with sensitization/irritation potential,1,General literature,EU 2023/1545 (context),https://eur-lex.europa.eu/legal-content/EN/TXT/PDF/?uri=OJ:JOL_2023_188_R_0001,European Commission,2023-07-26,Padding set (fragrance/solvent)
Hydroperoxides of limonene,,,Allergen/irritant,Fragrance/solvent class,Fragrance-related or solvent ingredients with sensitization/irritation potential,1,General literature,EU 2023/1545 (context),https://eur-lex.europa.eu/legal-content/EN/TXT/PDF/?uri=OJ:JOL_2023_188_R_0001,European Commission,2023-07-26,Padding set (fragrance/solvent)
Hydroperoxides of linalool,,,Allergen/irritant,Fragrance/solvent class,Fragrance-related or solvent ingredients with sensitization/irritation potential,1,General literature,EU 2023/1545 (context),https://eur-lex.europa.eu/legal-content/EN/TXT/PDF/?uri=OJ:JOL_2023_188_R_0001,European Commission,2023-07-26,Padding set (fragrance/solvent)
Oakmoss absolute,,,Allergen/irritant,Fragrance/solvent class,Fragrance-related or solvent ingredients with sensitization/irritation potential,1,General literature,EU 2023/1545 (context),https://eur-lex.europa.eu/legal-content/EN/TXT/PDF/?uri=OJ:JOL_2023_188_R_0001,European Commission,2023-07-26,Padding set (fragrance/solvent)
Treemoss absolute,,,Allergen/irritant,Fragrance/solvent class,Fragrance-related or solvent ingredients with sensitization/irritation potential,1,General literature,EU 2023/1545 (context),https://eur-lex.europa.eu/legal-content/EN/TXT/PDF/?uri=OJ:JOL_2023_188_R_0001,European Commission,2023-07-26,Padding set (fragrance/solvent)
Hexamethylindanopyran (Galaxolide),,,Allergen/irritant,Fragrance/solvent class,Fragrance-related or solvent ingredients with sensitization/irritation potential,1,General literature,EU 2023/1545 (context),https://eur-lex.europa.eu/legal-content/EN/TXT/PDF/?uri=OJ:JOL_2023_188_R_0001,European Commission,2023-07-26,Padding set (fragrance/solvent)
Tonalide,,,Allergen/irritant,Fragrance/solvent class,Fragrance-related or solvent ingredients with sensitization/irritation potential,1,General literature,EU 2023/1545 (context),https://eur-lex.europa.eu/legal-content/EN/TXT/PDF/?uri=OJ:JOL_2023_188_R_0001,European Commission,2023-07-26,Padding set (fragrance/solvent)
Cashmeran,,,Allergen/irritant,Fragrance/solvent class,Fragrance-related or solvent ingredients with sensitization/irritation potential,1,General literature,EU 2023/1545 (context),https://eur-lex.europa.eu/legal-content/EN/TXT/PDF/?uri=OJ:JOL_2023_188_R_0001,European Commission,2023-07-26,Padding set (fragrance/solvent)
Civetone,,,Allergen/irritant,Fragrance/solvent class,Fragrance-related or solvent ingredients with sensitization/irritation potential,1,General literature,EU 2023/1545 (context),https://eur-lex.europa.eu/legal-content/EN/TXT/PDF/?uri=OJ:JOL_2023_188_R_0001,European Commission,2023-07-26,Padding set (fragrance/solvent)
Iso E Super,,,Allergen/irritant,Fragrance/solvent class,Fragrance-related or solvent ingredients with sensitization/irritation potential,1,General literature,EU 2023/1545 (context),https://eur-lex.europa.eu/legal-content/EN/TXT/PDF/?uri=OJ:JOL_2023_188_R_0001,European Commission,2023-07-26,Padding set (fragrance/solvent)
Undecylenic aldehyde (Aldehyde C-11),,,Allergen/irritant,Fragrance/solvent class,Fragrance-related or solvent ingredients with sensitization/irritation potential,1,General literature,EU 2023/1545 (context),https://eur-lex.europa.eu/legal-content/EN/TXT/PDF/?uri=OJ:JOL_2023_188_R_0001,European Commission,2023-07-26,Padding set (fragrance/solvent)
Aldehyde C-12 MNA,,,Allergen/irritant,Fragrance/solvent class,Fragrance-related or solvent ingredients with sensitization/irritation potential,1,General literature,EU 2023/1545 (context),https://eur-lex.europa.eu/legal-content/EN/TXT/PDF/?uri=OJ:JOL_2023_188_R_0001,European Commission,2023-07-26,Padding set (fragrance/solvent)
Gamma-Undecalactone,,,Allergen/irritant,Fragrance/solvent class,Fragrance-related or solvent ingredients with sensitization/irritation potential,1,General literature,EU 2023/1545 (context),https://eur-lex.europa.eu/legal-content/EN/TXT/PDF/?uri=OJ:JOL_2023_188_R_0001,European Commission,2023-07-26,Padding set (fragrance/solvent)
Anisaldehyde,,,Allergen/irritant,Fragrance/solvent class,Fragrance-related or solvent ingredients with sensitization/irritation potential,1,General literature,EU 2023/1545 (context),https://eur-lex.europa.eu/legal-content/EN/TXT/PDF/?uri=OJ:JOL_2023_188_R_0001,European Commission,2023-07-26,Padding set (fragrance/solvent)
Vanillin,,,Allergen/irritant,Fragrance/solvent class,Fragrance-related or solvent ingredients with sensitization/irritation potential,1,General literature,EU 2023/1545 (context),https://eur-lex.europa.eu/legal-content/EN/TXT/PDF/?uri=OJ:JOL_2023_188_R_0001,European Commission,2023-07-26,Padding set (fragrance/solvent)
Ethyl vanillin,,,Allergen/irritant,Fragrance/solvent class,Fragrance-related or solvent ingredients with sensitization/irritation potential,1,General literature,EU 2023/1545 (context),https://eur-lex.europa.eu/legal-content/EN/TXT/PDF/?uri=OJ:JOL_2023_188_R_0001,European Commission,2023-07-26,Padding set (fragrance/solvent)
Methyl ionone,,,Allergen/irritant,Fragrance/solvent class,Fragrance-related or solvent ingredients with sensitization/irritation potential,1,General literature,EU 2023/1545 (context),https://eur-lex.europa.eu/legal-content/EN/TXT/PDF/?uri=OJ:JOL_2023_188_R_0001,European Commission,2023-07-26,Padding set (fragrance/solvent)
Isoamyl acetate,,,Allergen/irritant,Fragrance/solvent class,Fragrance-related or solvent ingredients with sensitization/irritation potential,1,General literature,EU 2023/1545 (context),https://eur-lex.europa.eu/legal-content/EN/TXT/PDF/?uri=OJ:JOL_2023_188_R_0001,European Commission,2023-07-26,Padding set (fragrance/solvent)
Ethyl 2-methylbutyrate,,,Allergen/irritant,Fragrance/solvent class,Fragrance-related or solvent ingredients with sensitization/irritation potential,1,General literature,EU 2023/1545 (context),https://eur-lex.europa.eu/legal-content/EN/TXT/PDF/?uri=OJ:JOL_2023_188_R_0001,European Commission,2023-07-26,Padding set (fragrance/solvent)
Ethyl 3-methylthiopropionate,,,Allergen/irritant,Fragrance/solvent class,Fragrance-related or solvent ingredients with sensitization/irritation potential,1,General literature,EU 2023/1545 (context),https://eur-lex.europa.eu/legal-content/EN/TXT/PDF/?uri=OJ:JOL_2023_188_R_0001,European Commission,2023-07-26,Padding set (fragrance/solvent)
Ethyl maltol,,,Allergen/irritant,Fragrance/solvent class,Fragrance-related or solvent ingredients with sensitization/irritation potential,1,General literature,EU 2023/1545 (context),https://eur-lex.europa.eu/legal-content/EN/TXT/PDF/?uri=OJ:JOL_2023_188_R_0001,European Commission,2023-07-26,Padding set (fragrance/solvent)
Methyl anthranilate,,,Allergen/irritant,Fragrance/solvent class,Fragrance-related or solvent ingredients with sensitization/irritation potential,1,General literature,EU 2023/1545 (context),https://eur-lex.europa.eu/legal-content/EN/TXT/PDF/?uri=OJ:JOL_2023_188_R_0001,European Commission,2023-07-26,Padding set (fragrance/solvent)
Amyl acetate,,,Allergen/irritant,Fragrance/solvent class,Fragrance-related or solvent ingredients with sensitization/irritation potential,1,General literature,EU 2023/1545 (context),https://eur-lex.europa.eu/legal-content/EN/TXT/PDF/?uri=OJ:JOL_2023_188_R_0001,European Commission,2023-07-26,Padding set (fragrance/solvent)
Peru balsam oil,,,Allergen/irritant,Fragrance/solvent class,Fragrance-related or solvent ingredients with sensitization/irritation potential,1,General literature,EU 2023/1545 (context),https://eur-lex.europa.eu/legal-content/EN/TXT/PDF/?uri=OJ:JOL_2023_188_R_0001,European Commission,2023-07-26,Padding set (fragrance/solvent)
Cedarwood oil,,,Allergen/irritant,Fragrance/solvent class,Fragrance-related or solvent ingredients with sensitization/irritation potential,1,General literature,EU 2023/1545 (context),https://eur-lex.europa.eu/legal-content/EN/TXT/PDF/?uri=OJ:JOL_2023_188_R_0001,European Commission,2023-07-26,Padding set (fragrance/solvent)
Sandalwood oil,,,Allergen/irritant,Fragrance/solvent class,Fragrance-related or solvent ingredients with sensitization/irritation potential,1,General literature,EU 2023/1545 (context),https://eur-lex.europa.eu/legal-content/EN/TXT/PDF/?uri=OJ:JOL_2023_188_R_0001,European Commission,2023-07-26,Padding set (fragrance/solvent)
Cinnamic acid,,,Allergen/irritant,Fragrance/solvent class,Fragrance-related or solvent ingredients with sensitization/irritation potential,1,General literature,EU 2023/1545 (context),https://eur-lex.europa.eu/legal-content/EN/TXT/PDF/?uri=OJ:JOL_2023_188_R_0001,European Commission,2023-07-26,Padding set (fragrance/solvent)
Isoamyl alcohol,,,Allergen/irritant,Fragrance/solvent class,Fragrance-related or solvent ingredients with sensitization/irritation potential,1,General literature,EU 2023/1545 (context),https://eur-lex.europa.eu/legal-content/EN/TXT/PDF/?uri=OJ:JOL_2023_188_R_0001,European Commission,2023-07-26,Padding set (fragrance/solvent)
Isopropyl myristate,,,Allergen/irritant,Fragrance/solvent class,Fragrance-related or solvent ingredients with sensitization/irritation potential,1,General literature,EU 2023/1545 (context),https://eur-lex.europa.eu/legal-content/EN/TXT/PDF/?uri=OJ:JOL_2023_188_R_0001,European Commission,2023-07-26,Padding set (fragrance/solvent)
Isopropyl palmitate,,,Allergen/irritant,Fragrance/solvent class,Fragrance-related or solvent ingredients with sensitization/irritation potential,1,General literature,EU 2023/1545 (context),https://eur-lex.europa.eu/legal-content/EN/TXT/PDF/?uri=OJ:JOL_2023_188_R_0001,European Commission,2023-07-26,Padding set (fragrance/solvent)
Musk ambrette,,,Allergen/irritant,Fragrance/solvent class,Fragrance-related or solvent ingredients with sensitization/irritation potential,1,General literature,EU 2023/1545 (context),https://eur-lex.europa.eu/legal-content/EN/TXT/PDF/?uri=OJ:JOL_2023_188_R_0001,European Commission,2023-07-26,Padding set (fragrance/solvent)
Musk tibetene,,,Allergen/irritant,Fragrance/solvent class,Fragrance-related or solvent ingredients with sensitization/irritation potential,1,General literature,EU 2023/1545 (context),https://eur-lex.europa.eu/legal-content/EN/TXT/PDF/?uri=OJ:JOL_2023_188_R_0001,European Commission,2023-07-26,Padding set (fragrance/solvent)
Musk moskene,,,Allergen/irritant,Fragrance/solvent class,Fragrance-related or solvent ingredients with sensitization/irritation potential,1,General literature,EU 2023/1545 (context),https://eur-lex.europa.eu/legal-content/EN/TXT/PDF/?uri=OJ:JOL_2023_188_R_0001,European Commission,2023-07-26,Padding set (fragrance/solvent)
Nitrocellulose,,,Allergen/irritant,Fragrance/solvent class,Fragrance-related or solvent ingredients with sensitization/irritation potential,1,General literature,EU 2023/1545 (context),https://eur-lex.europa.eu/legal-content/EN/TXT/PDF/?uri=OJ:JOL_2023_188_R_0001,European Commission,2023-07-26,Padding set (fragrance/solvent)
Toluene sulfonamide formaldehyde resin,,,Allergen/irritant,Fragrance/solvent class,Fragrance-related or solvent ingredients with sensitization/irritation potential,1,General literature,EU 2023/1545 (context),https://eur-lex.europa.eu/legal-content/EN/TXT/PDF/?uri=OJ:JOL_2023_188_R_0001,European Commission,2023-07-26,Padding set (fragrance/solvent)
Menthol,,,Allergen/irritant,Fragrance/solvent class,Fragrance-related or solvent ingredients with sensitization/irritation potential,1,General literature,EU 2023/1545 (context),https://eur-lex.europa.eu/legal-content/EN/TXT/PDF/?uri=OJ:JOL_2023_188_R_0001,European Commission,2023-07-26,Padding set (fragrance/solvent)
Menthyl lactate,,,Allergen/irritant,Fragrance/solvent class,Fragrance-related or solvent ingredients with sensitization/irritation potential,1,General literature,EU 2023/1545 (context),https://eur-lex.europa.eu/legal-content/EN/TXT/PDF/?uri=OJ:JOL_2023_188_R_0001,European Commission,2023-07-26,Padding set (fragrance/solvent)
"Eucalyptol (1,8-cineole)",,,Allergen/irritant,Fragrance/solvent class,Fragrance-related or solvent ingredients with sensitization/irritation potential,1,General literature,EU 2023/1545 (context),https://eur-lex.europa.eu/legal-content/EN/TXT/PDF/?uri=OJ:JOL_2023_188_R_0001,European Commission,2023-07-26,Padding set (fragrance/solvent)
Piperonal,,,Allergen/irritant,Fragrance/solvent class,Fragrance-related or solvent ingredients with sensitization/irritation potential,1,General literature,EU 2023/1545 (context),https://eur-lex.europa.eu/legal-content/EN/TXT/PDF/?uri=OJ:JOL_2023_188_R_0001,European Commission,2023-07-26,Padding set (fragrance/solvent)
p-Methoxybenzyl alcohol (Vanitrope),,,Allergen/irritant,Fragrance/solvent class,Fragrance-related or solvent ingredients with sensitization/irritation potential,1,General literature,EU 2023/1545 (context),https://eur-lex.europa.eu/legal-content/EN/TXT/PDF/?uri=OJ:JOL_2023_188_R_0001,European Commission,2023-07-26,Padding set (fragrance/solvent)
Hydroabietyl alcohol,,,Allergen/irritant,Fragrance/solvent class,Fragrance-related or solvent ingredients with sensitization/irritation potential,1,General literature,EU 2023/1545 (context),https://eur-lex.europa.eu/legal-content/EN/TXT/PDF/?uri=OJ:JOL_2023_188_R_0001,European Commission,2023-07-26,Padding set (fragrance/solvent)
Abietic acid,,,Allergen/irritant,Fragrance/solvent class,Fragrance-related or solvent ingredients with sensitization/irritation potential,1,General literature,EU 2023/1545 (context),https://eur-lex.europa.eu/legal-content/EN/TXT/PDF/?uri=OJ:JOL_2023_188_R_0001,European Commission,2023-07-26,Padding set (fragrance/solvent)
Coumarin derivatives (class),,,Allergen/irritant,Fragrance/solvent class,Fragrance-related or solvent ingredients with sensitization/irritation potential,1,General literature,EU 2023/1545 (context),https://eur-lex.europa.eu/legal-content/EN/TXT/PDF/?uri=OJ:JOL_2023_188_R_0001,European Commission,2023-07-26,Padding set (fragrance/solvent)
Salicylate esters (class),,,Allergen/irritant,Fragrance/solvent class,Fragrance-related or solvent ingredients with sensitization/irritation potential,1,General literature,EU 2023/1545 (context),https://eur-lex.europa.eu/legal-content/EN/TXT/PDF/?uri=OJ:JOL_2023_188_R_0001,European Commission,2023-07-26,Padding set (fragrance/solvent)
Benzophenone (parent),,,Allergen/irritant,Fragrance/solvent class,Fragrance-related or solvent ingredients with sensitization/irritation potential,1,General literature,EU 2023/1545 (context),https://eur-lex.europa.eu/legal-content/EN/TXT/PDF/?uri=OJ:JOL_2023_188_R_0001,European Commission,2023-07-26,Padding set (fragrance/solvent)
Benzophenone-12,,,Allergen/irritant,Fragrance/solvent class,Fragrance-related or solvent ingredients with sensitization/irritation potential,1,General literature,EU 2023/1545 (context),https://eur-lex.europa.eu/legal-content/EN/TXT/PDF/?uri=OJ:JOL_2023_188_R_0001,European Commission,2023-07-26,Padding set (fragrance/solvent)
Ethylhexyl salicylate (Octisalate),,,Allergen/irritant,Fragrance/solvent class,Fragrance-related or solvent ingredients with sensitization/irritation potential,1,General literature,EU 2023/1545 (context),https://eur-lex.europa.eu/legal-content/EN/TXT/PDF/?uri=OJ:JOL_2023_188_R_0001,European Commission,2023-07-26,Padding set (fragrance/solvent)
Cinnamate esters (class),,,Allergen/irritant,Fragrance/solvent class,Fragrance-related or solvent ingredients with sensitization/irritation potential,1,General literature,EU 2023/1545 (context),https://eur-lex.europa.eu/legal-content/EN/TXT/PDF/?uri=OJ:JOL_2023_188_R_0001,European Commission,2023-07-26,Padding set (fragrance/solvent)
Diethanolamine (DEA),111-42-2,,Nitrosamine risk,May form nitrosamines; irritation concerns,Ethanolamines/alkanolamides; nitrosamine formation potential,3,Various guidance / Prop 65 (DEA),OEHHA Prop 65,https://oehha.ca.gov/proposition-65,OEHHA,2025-11-07,Family: ethanolamines
Cocamide DEA,68603-42-9,,Nitrosamine risk,May form nitrosamines; irritation concerns,Ethanolamines/alkanolamides; nitrosamine formation potential,3,Various guidance / Prop 65 (DEA),OEHHA Prop 65,https://oehha.ca.gov/proposition-65,OEHHA,2025-11-07,Family: ethanolamines
Triethanolamine (TEA),102-71-6,,Nitrosamine risk,May form nitrosamines; irritation concerns,Ethanolamines/alkanolamides; nitrosamine formation potential,3,Various guidance / Prop 65 (DEA),OEHHA Prop 65,https://oehha.ca.gov/proposition-65,OEHHA,2025-11-07,Family: ethanolamines
Monoethanolamine (MEA),141-43-5,,Nitrosamine risk,May form nitrosamines; irritation concerns,Ethanolamines/alkanolamides; nitrosamine formation potential,3,Various guidance / Prop 65 (DEA),OEHHA Prop 65,https://oehha.ca.gov/proposition-65,OEHHA,2025-11-07,Family: ethanolamines
Lauramide DEA,120-40-1,,Nitrosamine risk,May form nitrosamines; irritation concerns,Ethanolamines/alkanolamides; nitrosamine formation potential,3,Various guidance / Prop 65 (DEA),OEHHA Prop 65,https://oehha.ca.gov/proposition-65,OEHHA,2025-11-07,Family: ethanolamines
PEG-4,,,"1,4-dioxane risk","Ethoxylation residuals (1,4-dioxane)","Ethoxylated surfactants may contain residual 1,4-dioxane/EO",2,NGO lists / guidance,CSC Red List,https://www.safecosmetics.org/red-list/,Campaign for Safe Cosmetics,2025-11-07,Family: PEG/ethoxylated surfactants
PEG-6,,,"1,4-dioxane risk","Ethoxylation residuals (1,4-dioxane)","Ethoxylated surfactants may contain residual 1,4-dioxane/EO",2,NGO lists / guidance,CSC Red List,https://www.safecosmetics.org/red-list/,Campaign for Safe Cosmetics,2025-11-07,Family: PEG/ethoxylated surfactants
PEG-8,,,"1,4-dioxane risk","Ethoxylation residuals (1,4-dioxane)","Ethoxylated surfactants may contain residual 1,4-dioxane/EO",2,NGO lists / guidance,CSC Red List,https://www.safecosmetics.org/red-list/,Campaign for Safe Cosmetics,2025-11-07,Family: PEG/ethoxylated surfactants
PEG-12,,,"1,4-dioxane risk","Ethoxylation residuals (1,4-dioxane)","Ethoxylated surfactants may contain residual 1,4-dioxane/EO",2,NGO lists / guidance,CSC Red List,https://www.safecosmetics.org/red-list/,Campaign for Safe Cosmetics,2025-11-07,Family: PEG/ethoxylated surfactants
PEG-20,,,"1,4-dioxane risk","Ethoxylation residuals (1,4-dioxane)","Ethoxylated surfactants may contain residual 1,4-dioxane/EO",2,NGO lists / guidance,CSC Red List,https://www.safecosmetics.org/red-list/,Campaign for Safe Cosmetics,2025-11-07,Family: PEG/ethoxylated surfactants
PEG-40,,,"1,4-dioxane risk","Ethoxylation residuals (1,4-dioxane)","Ethoxylated surfactants may contain residual 1,4-dioxane/EO",2,NGO lists / guidance,CSC Red List,https://www.safecosmetics.org/red-list/,Campaign for Safe Cosmetics,2025-11-07,Family: PEG/ethoxylated surfactants
PEG-60,,,"1,4-dioxane risk","Ethoxylation residuals (1,4-dioxane)","Ethoxylated surfactants may contain residual 1,4-dioxane/EO",2,NGO lists / guidance,CSC Red List,https://www.safecosmetics.org/red-list/,Campaign for Safe Cosmetics,2025-11-07,Family: PEG/ethoxylated surfactants
PEG-80,,,"1,4-dioxane risk","Ethoxylation residuals (1,4-dioxane)","Ethoxylated surfactants may contain residual 1,4-dioxane/EO",2,NGO lists / guidance,CSC Red List,https://www.safecosmetics.org/red-list/,Campaign for Safe Cosmetics,2025-11-07,Family: PEG/ethoxylated surfactants
PEG-100,,,"1,4-dioxane risk","Ethoxylation residuals (1,4-dioxane)","Ethoxylated surfactants may contain residual 1,4-dioxane/EO",2,NGO lists / guidance,CSC Red List,https://www.safecosmetics.org/red-list/,Campaign for Safe Cosmetics,2025-11-07,Family: PEG/ethoxylated surfactants
PEG-120,,,"1,4-dioxane risk","Ethoxylation residuals (1,4-dioxane)","Ethoxylated surfactants may contain residual 1,4-dioxane/EO",2,NGO lists / guidance,CSC Red List,https://www.safecosmetics.org/red-list/,Campaign for Safe Cosmetics,2025-11-07,Family: PEG/ethoxylated surfactants
PEG-150,,,"1,4-dioxane risk","Ethoxylation residuals (1,4-dioxane)","Ethoxylated surfactants may contain residual 1,4-dioxane/EO",2,NGO lists / guidance,CSC Red List,https://www.safecosmetics.org/red-list/,Campaign for Safe Cosmetics,2025-11-07,Family: PEG/ethoxylated surfactants
PEG-200,,,"1,4-dioxane risk","Ethoxylation residuals (1,4-dioxane)","Ethoxylated surfactants may contain residual 1,4-dioxane/EO",2,NGO lists / guidance,CSC Red List,https://www.safecosmetics.org/red-list/,Campaign for Safe Cosmetics,2025-11-07,Family: PEG/ethoxylated surfactants
PPG-14 butyl ether,,,"1,4-dioxane risk","Ethoxylation residuals (1,4-dioxane)","Ethoxylated surfactants may contain residual 1,4-dioxane/EO",2,NGO lists / guidance,CSC Red List,https://www.safecosmetics.org/red-list/,Campaign for Safe Cosmetics,2025-11-07,Family: PEG/ethoxylated surfactants
Polysorbate 20,,,"1,4-dioxane risk","Ethoxylation residuals (1,4-dioxane)","Ethoxylated surfactants may contain residual 1,4-dioxane/EO",2,NGO lists / guidance,CSC Red List,https://www.safecosmetics.org/red-list/,Campaign for Safe Cosmetics,2025-11-07,Family: PEG/ethoxylated surfactants
Polysorbate 60,,,"1,4-dioxane risk","Ethoxylation residuals (1,4-dioxane)","Ethoxylated surfactants may contain residual 1,4-dioxane/EO",2,NGO lists / guidance,CSC Red List,https://www.safecosmetics.org/red-list/,Campaign for Safe Cosmetics,2025-11-07,Family: PEG/ethoxylated surfactants
Polysorbate 80,,,"1,4-dioxane risk","Ethoxylation residuals (1,4-dioxane)","Ethoxylated surfactants may contain residual 1,4-dioxane/EO",2,NGO lists / guidance,CSC Red List,https://www.safecosmetics.org/red-list/,Campaign for Safe Cosmetics,2025-11-07,Family: PEG/ethoxylated surfactants
Laureth-7,,,"1,4-dioxane risk","Ethoxylation residuals (1,4-dioxane)","Ethoxylated surfactants may contain residual 1,4-dioxane/EO",2,NGO lists / guidance,CSC Red List,https://www.safecosmetics.org/red-list/,Campaign for Safe Cosmetics,2025-11-07,Family: PEG/ethoxylated surfactants
Sodium laureth sulfate,,,"1,4-dioxane risk","Ethoxylation residuals (1,4-dioxane)","Ethoxylated surfactants may contain residual 1,4-dioxane/EO",2,NGO lists / guidance,CSC Red List,https://www.safecosmetics.org/red-list/,Campaign for Safe Cosmetics,2025-11-07,Family: PEG/ethoxylated surfactants
Ceteareth-20,,,"1,4-dioxane risk","Ethoxylation residuals (1,4-dioxane)","Ethoxylated surfactants may contain residual 1,4-dioxane/EO",2,NGO lists / guidance,CSC Red List,https://www.safecosmetics.org/red-list/,Campaign for Safe Cosmetics,2025-11-07,Family: PEG/ethoxylated surfactants
Oleth-10,,,"1,4-dioxane risk","Ethoxylation residuals (1,4-dioxane)","Ethoxylated surfactants may contain residual 1,4-dioxane/EO",2,NGO lists / guidance,CSC Red List,https://www.safecosmetics.org/red-list/,Campaign for Safe Cosmetics,2025-11-07,Family: PEG/ethoxylated surfactants
Steareth-20,,,"1,4-dioxane risk","Ethoxylation residuals (1,4-dioxane)","Ethoxylated surfactants may contain residual 1,4-dioxane/EO",2,NGO lists / guidance,CSC Red List,https://www.safecosmetics.org/red-list/,Campaign for Safe Cosmetics,2025-11-07,Family: PEG/ethoxylated surfactants
Ceteth-20,,,"1,4-dioxane risk","Ethoxylation residuals (1,4-dioxane)","Ethoxylated surfactants may contain residual 1,4-dioxane/EO",2,NGO lists / guidance,CSC Red List,https://www.safecosmetics.org/red-list/,Campaign for Safe Cosmetics,2025-11-07,Family: PEG/ethoxylated surfactants
Oleth-3,,,"1,4-dioxane risk","Ethoxylation residuals (1,4-dioxane)","Ethoxylated surfactants may contain residual 1,4-dioxane/EO",2,NGO lists / guidance,CSC Red List,https://www.safecosmetics.org/red-list/,Campaign for Safe Cosmetics,2025-11-07,Family: PEG/ethoxylated surfactants
Laureth-4,,,"1,4-dioxane risk","Ethoxylation residuals (1,4-dioxane)","Ethoxylated surfactants may contain residual 1,4-dioxane/EO",2,NGO lists / guidance,CSC Red List,https://www.safecosmetics.org/red-list/,Campaign for Safe Cosmetics,2025-11-07,Family: PEG/ethoxylated surfactants
Laureth-23,,,"1,4-dioxane risk","Ethoxylation residuals (1,4-dioxane)","Ethoxylated surfactants may contain residual 1,4-dioxane/EO",2,NGO lists / guidance,CSC Red List,https://www.safecosmetics.org/red-list/,Campaign for Safe Cosmetics,2025-11-07,Family: PEG/ethoxylated surfactants
PTFE,,,Persistent,PFAS class (persistence/bioaccumulation),PFAS in cosmetics; environmental & potential health concerns,4,FDA overview / NGO lists,FDA PFAS in Cosmetics,https://www.fda.gov/cosmetics/cosmetic-ingredients/and-polyfluoroalkyl-substances-pfas-cosmetics,FDA,2025-11-07,Family: PFAS
Perfluorooctanoic acid (PFOA),,,Persistent,PFAS class (persistence/bioaccumulation),PFAS in cosmetics; environmental & potential health concerns,4,FDA overview / NGO lists,FDA PFAS in Cosmetics,https://www.fda.gov/cosmetics/cosmetic-ingredients/and-polyfluoroalkyl-substances-pfas-cosmetics,FDA,2025-11-07,Family: PFAS
Perfluorooctane sulfonate (PFOS),,,Persistent,PFAS class (persistence/bioaccumulation),PFAS in cosmetics; environmental & potential health concerns,4,FDA overview / NGO lists,FDA PFAS in Cosmetics,https://www.fda.gov/cosmetics/cosmetic-ingredients/and-polyfluoroalkyl-substances-pfas-cosmetics,FDA,2025-11-07,Family: PFAS
Perfluorononyl dimethicone,,,Persistent,PFAS class (persistence/bioaccumulation),PFAS in cosmetics; environmental & potential health concerns,4,FDA overview / NGO lists,FDA PFAS in Cosmetics,https://www.fda.gov/cosmetics/cosmetic-ingredients/and-polyfluoroalkyl-substances-pfas-cosmetics,FDA,2025-11-07,Family: PFAS
Polyperfluoromethylisopropyl ether,,,Persistent,PFAS class (persistence/bioaccumulation),PFAS in cosmetics; environmental & potential health concerns,4,FDA overview / NGO lists,FDA PFAS in Cosmetics,https://www.fda.gov/cosmetics/cosmetic-ingredients/and-polyfluoroalkyl-substances-pfas-cosmetics,FDA,2025-11-07,Family: PFAS
C6-16 perfluoroalkyl ethyl phosphate,,,Persistent,PFAS class (persistence/bioaccumulation),PFAS in cosmetics; environmental & potential health concerns,4,FDA overview / NGO lists,FDA PFAS in Cosmetics,https://www.fda.gov/cosmetics/cosmetic-ingredients/and-polyfluoroalkyl-substances-pfas-cosmetics,FDA,2025-11-07,Family: PFAS
Perfluorodecalin,,,Persistent,PFAS class (persistence/bioaccumulation),PFAS in cosmetics; environmental & potential health concerns,4,FDA overview / NGO lists,FDA PFAS in Cosmetics,https://www.fda.gov/cosmetics/cosmetic-ingredients/and-polyfluoroalkyl-substances-pfas-cosmetics,FDA,2025-11-07,Family: PFAS
Trifluoropropyl dimethicone,,,Persistent,PFAS class (persistence/bioaccumulation),PFAS in cosmetics; environmental & potential health concerns,4,FDA overview / NGO lists,FDA PFAS in Cosmetics,https://www.fda.gov/cosmetics/cosmetic-ingredients/and-polyfluoroalkyl-substances-pfas-cosmetics,FDA,2025-11-07,Family: PFAS
Perfluorohexane,,,Persistent,PFAS class (persistence/bioaccumulation),PFAS in cosmetics; environmental & potential health concerns,4,FDA overview / NGO lists,FDA PFAS in Cosmetics,https://www.fda.gov/cosmetics/cosmetic-ingredients/and-polyfluoroalkyl-substances-pfas-cosmetics,FDA,2025-11-07,Family: PFAS
Perfluorobutyl ether,,,Persistent,PFAS class (persistence/bioaccumulation),PFAS in cosmetics; environmental & potential health concerns,4,FDA overview / NGO lists,FDA PFAS in Cosmetics,https://www.fda.gov/cosmetics/cosmetic-ingredients/and-polyfluoroalkyl-substances-pfas-cosmetics,FDA,2025-11-07,Family: PFAS
Perfluorohexyl ethyl phosphate,,,Persistent,PFAS class (persistence/bioaccumulation),PFAS in cosmetics; environmental & potential health concerns,4,FDA overview / NGO lists,FDA PFAS in Cosmetics,https://www.fda.gov/cosmetics/cosmetic-ingredients/and-polyfluoroalkyl-substances-pfas-cosmetics,FDA,2025-11-07,Family: PFAS
Methyl perfluorobutyl ether,,,Persistent,PFAS class (persistence/bioaccumulation),PFAS in cosmetics; environmental & potential health concerns,4,FDA overview / NGO lists,FDA PFAS in Cosmetics,https://www.fda.gov/cosmetics/cosmetic-ingredients/and-polyfluoroalkyl-substances-pfas-cosmetics,FDA,2025-11-07,Family: PFAS
Ammonium C6-16 perfluoroalkyl ethyl phosphate,,,Persistent,PFAS class (persistence/bioaccumulation),PFAS in cosmetics; environmental & potential health concerns,4,FDA overview / NGO lists,FDA PFAS in Cosmetics,https://www.fda.gov/cosmetics/cosmetic-ingredients/and-polyfluoroalkyl-substances-pfas-cosmetics,FDA,2025-11-07,Family: PFAS
Sodium perfluorohexyl phosphate,,,Persistent,PFAS class (persistence/bioaccumulation),PFAS in cosmetics; environmental & potential health concerns,4,FDA overview / NGO lists,FDA PFAS in Cosmetics,https://www.fda.gov/cosmetics/cosmetic-ingredients/and-polyfluoroalkyl-substances-pfas-cosmetics,FDA,2025-11-07,Family: PFAS
Perfluoropolyethers,,,Persistent,PFAS class (persistence/bioaccumulation),PFAS in cosmetics; environmental & potential health concerns,4,FDA overview / NGO lists,FDA PFAS in Cosmetics,https://www.fda.gov/cosmetics/cosmetic-ingredients/and-polyfluoroalkyl-substances-pfas-cosmetics,FDA,2025-11-07,Family: PFAS
Perfluoroethyl octane,,,Persistent,PFAS class (persistence/bioaccumulation),PFAS in cosmetics; environmental & potential health concerns,4,FDA overview / NGO lists,FDA PFAS in Cosmetics,https://www.fda.gov/cosmetics/cosmetic-ingredients/and-polyfluoroalkyl-substances-pfas-cosmetics,FDA,2025-11-07,Family: PFAS
Perfluorodimethylcyclohexane,,,Persistent,PFAS class (persistence/bioaccumulation),PFAS in cosmetics; environmental & potential health concerns,4,FDA overview / NGO lists,FDA PFAS in Cosmetics,https://www.fda.gov/cosmetics/cosmetic-ingredients/and-polyfluoroalkyl-substances-pfas-cosmetics,FDA,2025-11-07,Family: PFAS
Perfluoroisobutyl ether,,,Persistent,PFAS class (persistence/bioaccumulation),PFAS in cosmetics; environmental & potential health concerns,4,FDA overview / NGO lists,FDA PFAS in Cosmetics,https://www.fda.gov/cosmetics/cosmetic-ingredients/and-polyfluoroalkyl-substances-pfas-cosmetics,FDA,2025-11-07,Family: PFAS
Perfluorotributylamine,,,Persistent,PFAS class (persistence/bioaccumulation),PFAS in cosmetics; environmental & potential health concerns,4,FDA overview / NGO lists,FDA PFAS in Cosmetics,https://www.fda.gov/cosmetics/cosmetic-ingredients/and-polyfluoroalkyl-substances-pfas-cosmetics,FDA,2025-11-07,Family: PFAS
Fluorinated acrylates,,,Persistent,PFAS class (persistence/bioaccumulation),PFAS in cosmetics; environmental & potential health concerns,4,FDA overview / NGO lists,FDA PFAS in Cosmetics,https://www.fda.gov/cosmetics/cosmetic-ingredients/and-polyfluoroalkyl-substances-pfas-cosmetics,FDA,2025-11-07,Family: PFAS
Phenoxyethanol,122-99-6,,Various,"Irritation, endocrine, carcinogenicity (context-specific)",Misc. concerns depending on use/grade; some contamination risks,2,NGO lists / Prop 65,CSC Red List / Prop 65,https://www.safecosmetics.org/red-list/,CSC,2025-11-07,Misc group
Chlorphenesin,104-29-0,,Various,"Irritation, endocrine, carcinogenicity (context-specific)",Misc. concerns depending on use/grade; some contamination risks,2,NGO lists / Prop 65,CSC Red List / Prop 65,https://www.safecosmetics.org/red-list/,CSC,2025-11-07,Misc group
BHT (Butylated hydroxytoluene),128-37-0,,Various,"Irritation, endocrine, carcinogenicity (context-specific)",Misc. concerns depending on use/grade; some contamination risks,2,NGO lists / Prop 65,CSC Red List / Prop 65,https://www.safecosmetics.org/red-list/,CSC,2025-11-07,Misc group
BHA (Butylated hydroxyanisole),25013-16-5,,Various,"Irritation, endocrine, carcinogenicity (context-specific)",Misc. concerns depending on use/grade; some contamination risks,2,NGO lists / Prop 65,CSC Red List / Prop 65,https://www.safecosmetics.org/red-list/,CSC,2025-11-07,Misc group
Toluene,108-88-3,,Various,"Irritation, endocrine, carcinogenicity (context-specific)",Misc. concerns depending on use/grade; some contamination risks,2,NGO lists / Prop 65,CSC Red List / Prop 65,https://www.safecosmetics.org/red-list/,CSC,2025-11-07,Misc group
Coal tar dyes (CI 1xx),,,Various,"Irritation, endocrine, carcinogenicity (context-specific)",Misc. concerns depending on use/grade; some contamination risks,2,NGO lists / Prop 65,CSC Red List / Prop 65,https://www.safecosmetics.org/red-list/,CSC,2025-11-07,Misc group
Talc (asbestos risk),,,Various,"Irritation, endocrine, carcinogenicity (context-specific)",Misc. concerns depending on use/grade; some contamination risks,2,NGO lists / Prop 65,CSC Red List / Prop 65,https://www.safecosmetics.org/red-list/,CSC,2025-11-07,Misc group
Petrolatum (PAH residuals),,,Various,"Irritation, endocrine, carcinogenicity (context-specific)",Misc. concerns depending on use/grade; some contamination risks,2,NGO lists / Prop 65,CSC Red List / Prop 65,https://www.safecosmetics.org/red-list/,CSC,2025-11-07,Misc group
Polyacrylamide,9003-05-8,,Various,"Irritation, endocrine, carcinogenicity (context-specific)",Misc. concerns depending on use/grade; some contamination risks,2,NGO lists / Prop 65,CSC Red List / Prop 65,https://www.safecosmetics.org/red-list/,CSC,2025-11-07,Misc group
Sodium lauryl sulfate (SLS),151-21-3,,Various,"Irritation, endocrine, carcinogenicity (context-specific)",Misc. concerns depending on use/grade; some contamination risks,2,NGO lists / Prop 65,CSC Red List / Prop 65,https://www.safecosmetics.org/red-list/,CSC,2025-11-07,Misc group
Benzophenone-6,131-54-4,,Endocrine/Sens.,UV filters under scrutiny,Some UV filters have restrictions/ongoing assessment,2,EU Annex III / literature,EU Cosmetics Reg.,https://www.legislation.gov.uk/eur/2009/1223/annex/III,European Commission,2025-01-31,UV filters extended
Benzophenone-8 (Dioxybenzone),131-53-3,,Endocrine/Sens.,UV filters under scrutiny,Some UV filters have restrictions/ongoing assessment,2,EU Annex III / literature,EU Cosmetics Reg.,https://www.legislation.gov.uk/eur/2009/1223/annex/III,European Commission,2025-01-31,UV filters extended
Ensulizole (PBSA),27503-81-7,,Endocrine/Sens.,UV filters under scrutiny,Some UV filters have restrictions/ongoing assessment,2,EU Annex III / literature,EU Cosmetics Reg.,https://www.legislation.gov.uk/eur/2009/1223/annex/III,European Commission,2025-01-31,UV filters extended
Tinosorb S (BEMT),187393-00-6,,Endocrine/Sens.,UV filters under scrutiny,Some UV filters have restrictions/ongoing assessment,2,EU Annex III / literature,EU Cosmetics Reg.,https://www.legislation.gov.uk/eur/2009/1223/annex/III,European Commission,2025-01-31,UV filters extended
Tinosorb M (MBBT),103597-45-1,,Endocrine/Sens.,UV filters under scrutiny,Some UV filters have restrictions/ongoing assessment,2,EU Annex III / literature,EU Cosmetics Reg.,https://www.legislation.gov.uk/eur/2009/1223/annex/III,European Commission,2025-01-31,UV filters extended
Behentrimonium chloride,17301-53-0,,Irritation,Cationic surfactants (irritation; aerosol inhalation risk),Irritation concerns; aerosolized exposure risk,2,NGO literature,CSC Red List,https://www.safecosmetics.org/red-list/,CSC,2025-11-07,Quats
Cetrimonium bromide,57-09-0,,Irritation,Cationic surfactants (irritation; aerosol inhalation risk),Irritation concerns; aerosolized exposure risk,2,NGO literature,CSC Red List,https://www.safecosmetics.org/red-list/,CSC,2025-11-07,Quats
Cetrimonium chloride,112-02-7,,Irritation,Cationic surfactants (irritation; aerosol inhalation risk),Irritation concerns; aerosolized exposure risk,2,NGO literature,CSC Red List,https://www.safecosmetics.org/red-list/,CSC,2025-11-07,Quats
Polyquaternium-7,26590-05-6,,Irritation,Cationic surfactants (irritation; aerosol inhalation risk),Irritation concerns; aerosolized exposure risk,2,NGO literature,CSC Red List,https://www.safecosmetics.org/red-list/,CSC,2025-11-07,Quats
Polyquaternium-10,68610-92-4,,Irritation,Cationic surfactants (irritation; aerosol inhalation risk),Irritation concerns; aerosolized exposure risk,2,NGO literature,CSC Red List,https://www.safecosmetics.org/red-list/,CSC,2025-11-07,Quats
Mercury and mercury compounds,,,Various,California AB 2762 prohibited list (subset),"Prohibited in CA cosmetics (by 2025/2027, depending on substance)",5,CA AB 2762,California AB 2762,https://natlawreview.com/article/california-s-toxic-free-cosmetics-act-bans-24-ingredients-cosmetic-products,California,2025-01-01,Subset of AB 2762
PFAS (class),,,Various,California AB 2762 prohibited list (subset),"Prohibited in CA cosmetics (by 2025/2027, depending on substance)",5,CA AB 2762,California AB 2762,https://natlawreview.com/article/california-s-toxic-free-cosmetics-act-bans-24-ingredients-cosmetic-products,California,2025-01-01,Subset of AB 2762
Formaldehyde,50-00-0,,Various,California AB 2762 prohibited list (subset),"Prohibited in CA cosmetics (by 2025/2027, depending on substance)",5,CA AB 2762,California AB 2762,https://natlawreview.com/article/california-s-toxic-free-cosmetics-act-bans-24-ingredients-cosmetic-products,California,2025-01-01,Subset of AB 2762
Isobutylparaben,4247-02-3,,Various,California AB 2762 prohibited list (subset),"Prohibited in CA cosmetics (by 2025/2027, depending on substance)",5,CA AB 2762,California AB 2762,https://natlawreview.com/article/california-s-toxic-free-cosmetics-act-bans-24-ingredients-cosmetic-products,California,2025-01-01,Subset of AB 2762
Isopropylparaben,4191-73-5,,Various,California AB 2762 prohibited list (subset),"Prohibited in CA cosmetics (by 2025/2027, depending on substance)",5,CA AB 2762,California AB 2762,https://natlawreview.com/article/california-s-toxic-free-cosmetics-act-bans-24-ingredients-cosmetic-products,California,2025-01-01,Subset of AB 2762
m-Phenylenediamine and salts,108-45-2,,Various,California AB 2762 prohibited list (subset),"Prohibited in CA cosmetics (by 2025/2027, depending on substance)",5,CA AB 2762,California AB 2762,https://natlawreview.com/article/california-s-toxic-free-cosmetics-act-bans-24-ingredients-cosmetic-products,California,2025-01-01,Subset of AB 2762
p-Phenylenediamine (PPD),106-50-3,,Various,California AB 2762 prohibited list (subset),"Prohibited in CA cosmetics (by 2025/2027, depending on substance)",5,CA AB 2762,California AB 2762,https://natlawreview.com/article/california-s-toxic-free-cosmetics-act-bans-24-ingredients-cosmetic-products,California,2025-01-01,Subset of AB 2762
Quaternium-15,51229-78-8,,Various,California AB 2762 prohibited list (subset),"Prohibited in CA cosmetics (by 2025/2027, depending on substance)",5,CA AB 2762,California AB 2762,https://natlawreview.com/article/california-s-toxic-free-cosmetics-act-bans-24-ingredients-cosmetic-products,California,2025-01-01,Subset of AB 2762
Methylene glycol,463-57-0,,Various,California AB 2762 prohibited list (subset),"Prohibited in CA cosmetics (by 2025/2027, depending on substance)",5,CA AB 2762,California AB 2762,https://natlawreview.com/article/california-s-toxic-free-cosmetics-act-bans-24-ingredients-cosmetic-products,California,2025-01-01,Subset of AB 2762
Styrene,100-42-5,,Various,California AB 2762 prohibited list (subset),"Prohibited in CA cosmetics (by 2025/2027, depending on substance)",5,CA AB 2762,California AB 2762,https://natlawreview.com/article/california-s-toxic-free-cosmetics-act-bans-24-ingredients-cosmetic-products,California,2025-01-01,Subset of AB 2762
